slug,event_id,game_date,game_start_time_utc,away_team,home_team,winner_team,loser_team,moneyline_condition_id,moneyline_volume,pregame_price_winner,pregame_trade_timestamp,in_game_min_price_winner_raw,in_game_min_price_winner_raw_ts,in_game_min_price_winner_robust,in_game_min_price_winner_robust_ts,in_game_min_price_winner_bar_vwap,in_game_min_price_winner_bar_vwap_ts,in_game_max_price_loser_sanity,in_game_trade_count,in_game_size_sum,data_quality,trade_source,was_capped,earliest_trade_ts,pregame_coverage,spread_condition_id,spread_volume,spread_team,spread_line,spread_favorite_covered,spread_pregame_price_favorite,totals_condition_id,totals_volume,totals_line,totals_over_hit,totals_pregame_price_over,flags
nba-cha-ind-2026-02-26,219124,2026-02-26,2026-02-27T00:00:00+00:00,Hornets,Pacers,Hornets,Pacers,0xc7d4536cc39cef77121c54a935bf73a6836c62725b2f699460de8ac6b3026e1f,2305580.624297,0.8299999833106995,1772150392.0,0.7300000190734863,1772152250,0.7400000095367432,1772152248,0.75,1772152680,0.27000001072883606,1525,692459.5625,ok,data_api,True,1771928316,True,0x29335cf00f3e644df2a3ae3676ea68d9f9f00d82143b46ed9e97a8081f05866c,651941.865079,Hornets,-12.5,True,0.48,0xdef56f978d4a8d4087c5b0493b5c52c3e2faa7cce7f2f8114cdd6cfec35f49b9,147440.018921,229.5,True,0.51,"multiple_spread_lines(2)_picked_highest_volume;multiple_totals_lines(3)_picked_highest_volume;Data API per-side offset cap reached on at least one side, but side-split merge still recovered pre-game coverage from the other side"
nba-hou-orl-2026-02-26,219139,2026-02-26,2026-02-27T00:30:00+00:00,Rockets,Magic,Rockets,Magic,0x7f4e6bbb540d399d875cc70d5251e7b1fd32f32e886295d866dd93bbd222da6d,3885620.787841,0.5699999928474426,1772152198.0,0.06000000238418579,1772158610,0.06999999284744263,1772158604,0.06889115273952484,1772158620,0.9399999976158142,4543,2056333.0,ok,data_api,True,1771926650,True,0xa17da70d7f29a16999c2864cc7fa03e84db8d16c4f8ea7130a61f547dce04b75,346547.830641,Rockets,-2.5,True,0.5,0x4802afdbc8e6b7ccd4e454b2a391db5b5f0750b8358d2cb19714f7247f7aa65b,179223.927175,215.5,True,0.48,"multiple_spread_lines(3)_picked_highest_volume;multiple_totals_lines(3)_picked_highest_volume;Data API per-side offset cap reached on at least one side, but side-split merge still recovered pre-game coverage from the other side"
nba-lal-phx-2026-02-26,219145,2026-02-26,2026-02-27T02:00:00+00:00,Lakers,Suns,Suns,Lakers,0x823abf7695dbc8088ac06cb3578a81656f23a7b15aefe9030751ab07bc7200ac,2943052.91335,0.33000001311302185,1772157340.0,0.06802588701248169,1772163888,0.07999999821186066,1772163708,0.07537158578634262,1772163840,0.9319741129875183,4670,1298403.0,ok,data_api,True,1771796862,True,0x273fcd3ae17ac161fabc0b006cc8fe2e695887911e01c970aa08bf4954a523dd,975783.380526,Lakers,-5.5,False,0.5,0x44c06972af7ff5ff1ed01fe2962b650510546d79e8b42ea1e1d0b7c7267c1f5e,51952.089655,217.5,True,0.61,"multiple_spread_lines(2)_picked_highest_volume;multiple_totals_lines(6)_picked_highest_volume;Data API per-side offset cap reached on at least one side, but side-split merge still recovered pre-game coverage from the other side"
nba-mia-phi-2026-02-26,219130,2026-02-26,2026-02-27T00:00:00+00:00,Heat,76ers,76ers,Heat,0x75d975fbacfaed8da75f5f99ba7329dc0655ed929ed440a58e961a9318079cb9,3559354.335967,0.550000011920929,1772150396.0,0.49000000953674316,1772158512,0.5,1772158512,0.5178796648979187,1772158500,0.5099999904632568,4200,1358449.5,ok,data_api,True,1771794978,True,0xb8a9291409791de55dc18319bd7347afea9b4adbf3bbd51533af59d10ff1e1d4,232991.764623,76ers,-2.5,True,0.48,0x8bce5b3510b85aff147f8e59c2de4d9b0ea30252c9aec91c70c4aee33d057a57,130662.741359,238.5,True,0.5406208768,"multiple_spread_lines(3)_picked_highest_volume;multiple_totals_lines(5)_picked_highest_volume;Data API per-side offset cap reached on at least one side, but side-split merge still recovered pre-game coverage from the other side"
nba-min-lac-2026-02-26,219150,2026-02-26,2026-02-27T03:00:00+00:00,Timberwolves,Clippers,Timberwolves,Clippers,0x0845b8624f5bd013d2d574a8acf99523020ca5bd557be38d378227a6c2aaec8f,3396362.928998,0.7599999904632568,1772160978.0,0.5,1772168702,0.5,1772168730,0.511303722858429,1772168700,0.5,4589,1534072.25,ok,data_api,True,1771939770,True,0xe24085fe19bf9bb7a054a914b6fa54c9a1bd1c4b17e8cfaa98ef39fa9b1956aa,279410.055554,Timberwolves,-5.5,True,0.6,0x74a702ab7aa78d73fb2d489e58844fa8af8bb98c91d6ad8c74f871a28bbe2a1f,55272.794996,220.5,False,0.49367749800000005,"multiple_spread_lines(3)_picked_highest_volume;multiple_totals_lines(6)_picked_highest_volume;Data API per-side offset cap reached on at least one side, but side-split merge still recovered pre-game coverage from the other side"
nba-nop-uta-2026-02-26,219147,2026-02-26,2026-02-27T02:00:00+00:00,Pelicans,Jazz,Pelicans,Jazz,0x569617c8a443da910cfd75418ab2351cddb35019be9422def0f23123b756e97e,2050637.289618,0.6800000071525574,1772157590.0,0.5900000333786011,1772159822,0.6000000238418579,1772159818,0.6126660108566284,1772159520,0.4099999964237213,1557,572244.625,ok,data_api,True,1771928344,True,0x0d6ff7b0103b9c64d050e9259b4425e230c0208c15cbe54d1ffad822bdc481b1,565266.505652,Pelicans,-5.5,True,0.5299999691,0x591fbf74a2253f904a6272bdab2c70bb1f4d61619ebac120e47aaff4a4cabd74,63132.109816,240.5,True,0.62,"multiple_spread_lines(5)_picked_highest_volume;multiple_totals_lines(6)_picked_highest_volume;Data API per-side offset cap reached on at least one side, but side-split merge still recovered pre-game coverage from the other side"
nba-por-chi-2026-02-26,219141,2026-02-26,2026-02-27T01:00:00+00:00,Trail Blazers,Bulls,Trail Blazers,Bulls,0xe4e2f8e08227fbd79f95388bd56e43bd78b7004fc40c6072b2add3ed4ca0cec3,2288296.505531,0.6000000238418579,1772153988.0,0.42574262619018555,1772157268,0.4399998188018799,1772157342,0.4388434588909149,1772157360,0.5742573738098145,2423,768424.25,ok,data_api,True,1771735960,True,0x3ea484bf1572de16edc6e3a41f2fbb0fd8719064c2ce17b38ea29d0e4a420223,120316.514969,Trail Blazers,-4.5,True,0.45999999999999996,0xf4c4d9daedbefbb036ae775ebb6ba70a0931684c015eeccf8f2185de5c5d4ee2,32956.629985,235.5,False,0.48,"multiple_spread_lines(2)_picked_highest_volume;multiple_totals_lines(3)_picked_highest_volume;Data API per-side offset cap reached on at least one side, but side-split merge still recovered pre-game coverage from the other side"
nba-sac-dal-2026-02-26,219143,2026-02-26,2026-02-27T01:30:00+00:00,Kings,Mavericks,Kings,Mavericks,0xfbb68d3ca34c430f9c5ca1a9f495190614308baea45fd6ca18a2e45189e1d4ca,1171704.382364,0.2799999415874481,1772155780.0,0.25999999046325684,1772156180,0.2600000500679016,1772156204,0.26506003737449646,1772156160,0.7400000095367432,3280,743258.6875,ok,data_api,True,1771997552,True,0xb5bdd332644ebd9639b0ed72afdc15aebae0b050fbca452c489713a835525ff0,474196.213231,Mavericks,-7.5,False,0.5099999952,0x6324c751d0ada440ed69349b1850cf2c4191b0ff3691c628945b4f7d7b709d42,217108.183308,234.5,True,0.55,"multiple_spread_lines(2)_picked_highest_volume;multiple_totals_lines(5)_picked_highest_volume;Data API per-side offset cap reached on at least one side, but side-split merge still recovered pre-game coverage from the other side"
nba-sas-bkn-2026-02-26,219136,2026-02-26,2026-02-27T00:30:00+00:00,Spurs,Nets,Spurs,Nets,0xfd93a6f13e72ceabdba50c19ce735c9d9d9d0f98a03254bfa9627ae6a10157cd,2660881.301228,0.8200000524520874,1772152198.0,0.8199999928474426,1772152202,0.8199999928474426,1772152480,0.8199999332427979,1772152860,0.18000000715255737,1053,1147321.5,ok,data_api,False,1771606162,True,0xd9615814ec47e634214d3d5214a8932d2bdae0de6d9e4e2e0b9bf761d0778cfd,214968.39951,Spurs,-11.5,True,0.46166388430000005,0xfa4c170741edd0133c945898ef52e8c22fb5fbcb61a0c2efebb15ad5065c99d1,453456.993812,224.5,True,0.4800000139,multiple_spread_lines(4)_picked_highest_volume;multiple_totals_lines(4)_picked_highest_volume
nba-was-atl-2026-02-26,219133,2026-02-26,2026-02-27T00:30:00+00:00,Wizards,Hawks,Hawks,Wizards,0xa3d2db6e2b9abf52e32bad711a125e0fd131973f56fc64dd8d91b396a2ccb20c,1050472.428398,0.8199999928474426,1772152196.0,0.8100000023841858,1772152236,0.8100000023841858,1772152482,0.8100000023841858,1772152620,0.1899999976158142,802,234156.21875,ok,data_api,False,1771605832,True,0x21a028c4f355fe30d4a353e0dd31bb5f86f50bca2ae434337648e31521e4e003,758359.980494,Hawks,-10.5,True,0.49000001029999996,0x988f6dc24c253e8c161e1417268d113f23cb0b2dd40122eb2178cbddffc662cc,78777.739027,233.5,False,0.56,multiple_spread_lines(4)_picked_highest_volume;multiple_totals_lines(5)_picked_highest_volume
nba-bkn-bos-2026-02-27,221374,2026-02-27,2026-02-28T00:30:00+00:00,Nets,Celtics,Celtics,Nets,0xa4db5c70e13b3c89da7684c946efb017b899835ef63fe43227dd27694874cbc6,3952821.092313,0.9100000262260437,1772238599.0,0.8801398277282715,1772239911,0.8899999856948853,1772239405,0.8920090794563293,1772239860,0.11986014246940613,1339,1041780.1875,ok,data_api,True,1771754066,True,0x81e291718660e2851b1e4161c9e3c3d5a2d9bf4a00a673d70aea5863f1cfbf63,159855.291457,Celtics,-17.5,True,0.46,0x3131c1a2b31952705df355b8195e339f6014922c84acb9cb0ed3650304247d4a,227430.662002,209.5,True,0.4900000147,"multiple_spread_lines(3)_picked_highest_volume;multiple_totals_lines(5)_picked_highest_volume;Data API per-side offset cap reached on at least one side, but side-split merge still recovered pre-game coverage from the other side"
nba-cle-det-2026-02-27,221367,2026-02-27,2026-02-28T00:00:00+00:00,Cavaliers,Pistons,Pistons,Cavaliers,0x9f36358b562132e49925bbe478e86a5d85421e052c8aba7a7c2d96db4bfc023d,6077970.598768,0.75,1772236771.0,0.009999990463256836,1772248121,0.03605911508202553,1772248119,0.05394851788878441,1772248080,0.9900000095367432,5980,2383162.5,ok,data_api,True,1771869730,True,0x92ef92f86bfffd8fff39d861f95dfcd8c2bd1ba458af85eb6f2dab2c5c3f1ced,540245.862308,Pistons,-6.5,False,0.5700000000000001,0xfd0779558a16f45d1e13a4af0d22e27e93fa34f9d5aa1bfa7af8e5237b4d86ba,68905.778775,226.5,True,0.5199999958,"multiple_spread_lines(3)_picked_highest_volume;multiple_totals_lines(4)_picked_highest_volume;Data API per-side offset cap reached on at least one side, but side-split merge still recovered pre-game coverage from the other side"
nba-den-okc-2026-02-27,221384,2026-02-27,2026-02-28T02:30:00+00:00,Nuggets,Thunder,Thunder,Nuggets,0x6fcf50570f247b6826fa091d73c429f80607852afebc09879c42518994866966,6225344.515721,0.699999988079071,1772245723.0,0.19999998807907104,1772255065,0.19999998807907104,1772255067,0.2579289674758911,1772255040,0.800000011920929,6139,2891400.0,ok,data_api,True,1772020508,True,0x58ee4ef0f8b7d57e033ab835db5467302fe8b44cf80895b5f968a43f4f4f6c96,453499.559996,Thunder,-7.5,False,0.4799999077,0x8079c80bba87c2efa514f1905d422cc8eeed19339bbd318e0fb31d51f35bd1d0,59671.620349,234.5,True,0.5199999994,"multiple_spread_lines(3)_picked_highest_volume;multiple_totals_lines(6)_picked_highest_volume;Data API per-side offset cap reached on at least one side, but side-split merge still recovered pre-game coverage from the other side"
nba-mem-dal-2026-02-27,221380,2026-02-27,2026-02-28T01:30:00+00:00,Grizzlies,Mavericks,Grizzlies,Mavericks,0x1c7e70b363f020182a9996ab963af810f3172a05b8504674dd214f2f69f7b81b,2104664.462307,0.36000001430511475,1772242197.0,0.3399999737739563,1772242323,0.34000009298324585,1772242389,0.34991249442100525,1772242320,0.6600000262260437,2010,676804.625,ok,data_api,True,1771928366,True,0x4cacfd1db1b960def7bfe9f834982c9c0bff60207f57e7b01b6675f58a6ba63b,549936.331789,Mavericks,-4.5,False,0.52,0xa30ed23845c592d050cf674de355636dd2df291a4e8351c50298b5fbcdba94e6,98899.802786,240.5,False,0.5399998869,"multiple_spread_lines(3)_picked_highest_volume;multiple_totals_lines(6)_picked_highest_volume;Data API per-side offset cap reached on at least one side, but side-split merge still recovered pre-game coverage from the other side"
nba-nyk-mil-2026-02-27,221377,2026-02-27,2026-02-28T01:00:00+00:00,Knicks,Bucks,Knicks,Bucks,0x811f0fb6d7c2958d491718f38e7dc356cfcae2a9b5d9b4105e5f25445c455f21,2498906.881628,0.7300000190734863,1772240399.0,0.6499999761581421,1772241425,0.6558823585510254,1772241423,0.6699398159980774,1772241420,0.3499999940395355,1564,601241.875,ok,data_api,True,1771928324,True,0x6094971fa09efb6dd9328f4f6103b7baec0abc23092dec7321a5232e336f2ad8,1101008.603144,Knicks,-8.5,True,0.4800000187,0xa62557971fb493ad7ac34ce53fa7b23cc344de18a38de012b022f0258b35ba8c,92115.904222,218.5,True,0.5100001715,"multiple_spread_lines(2)_picked_highest_volume;multiple_totals_lines(6)_picked_highest_volume;Data API per-side offset cap reached on at least one side, but side-split merge still recovered pre-game coverage from the other side"
nba-hou-mia-2026-02-28,223664,2026-02-28,2026-02-28T20:30:00+00:00,Rockets,Heat,Heat,Rockets,0xd5c68888bcad6ade4eb7e75c2867140efb586b8544ab2c7a92ae9a613facb0da,3530356.240409,0.4399999976158142,1772310485.0,0.2799999713897705,1772311723,0.2799999713897705,1772311723,0.2921258509159088,1772311860,0.7200000286102295,4644,1527749.5,ok,data_api,True,1771806892,True,0x6c747fa5de32f2bf7ffc1a7c630887484893e52ee278601c0552c57d3c1725fd,158191.405974,Rockets,-2.5,False,0.49,0x7fab08cb092ffcb3ceba80a1a482c1697e05b438458b1ba025018aea2cdf9cea,117037.068374,225.5,False,0.5100000029,"multiple_spread_lines(12)_picked_highest_volume;multiple_totals_lines(15)_picked_highest_volume;Data API per-side offset cap reached on at least one side, but side-split merge still recovered pre-game coverage from the other side"
nba-lal-gsw-2026-02-28,223668,2026-02-28,2026-03-01T01:30:00+00:00,Lakers,Warriors,Lakers,Warriors,0xf34b8b09d501adc59b214713c0793ecd2d0d52b3c138f08ab67a666d18b01dd4,3427825.136306,0.5900000929832458,1772328599.0,0.5900000333786011,1772328609,0.5900000929832458,1772328611,0.5979071855545044,1772328660,0.4099999964237213,2324,1172622.25,ok,data_api,True,1771928332,True,0x32d88d49523561b23b22272d6a02224396618902b23d8971338a9c9b705d0628,1417669.600421,Lakers,-3.5,True,0.5,0xb2dd7429c69a2c2138cc5f53f5caf2b28f0f814bdf6bf24a39907646c8fc0c5a,131930.797748,225.5,True,0.51,"multiple_spread_lines(2)_picked_highest_volume;multiple_totals_lines(6)_picked_highest_volume;Data API per-side offset cap reached on at least one side, but side-split merge still recovered pre-game coverage from the other side"
nba-nop-uta-2026-02-28,223670,2026-02-28,2026-03-01T02:30:00+00:00,Pelicans,Jazz,Pelicans,Jazz,0x805725007fd573be81c127cf26f874cb6a0df92a3cbc8481c882522e7206f827,2471069.432229,0.6799998879432678,1772332195.0,0.6499999761581421,1772334347,0.6599999070167542,1772334353,0.6646507382392883,1772334300,0.3499999940395355,2263,1132528.5,ok,data_api,True,1771960752,True,0x4ac758b767f2b0dcb61772624caa9d336ff4cc8470bca04d6bb0628663cc6572,329583.940287,Pelicans,-6.5,True,0.45999999999999996,0xaa188264641d9f2507bb04049bb319573f8d89ab6c6762a21efa552fcf1c9ab2,111826.226338,245.5,False,0.4897434473,"multiple_spread_lines(2)_picked_highest_volume;multiple_totals_lines(4)_picked_highest_volume;Data API per-side offset cap reached on at least one side, but side-split merge still recovered pre-game coverage from the other side"
nba-por-cha-2026-02-28,223662,2026-02-28,2026-02-28T18:00:00+00:00,Trail Blazers,Hornets,Hornets,Trail Blazers,0xbcb1ccc6cd8b664b323566205d2200c6411ae3758afe830c157a692a7e99d44a,1432018.607464,0.699999988079071,1772301591.0,0.6747233867645264,1772302457,0.6800000071525574,1772302479,0.6773801445960999,1772302440,0.32527658343315125,1827,594490.75,ok,data_api,True,1771949750,True,0xd9bc354ae94d29cc2552cf6d0e5647087383c760b94196919587a6b21f991bc1,675454.56814,Hornets,-7.5,True,0.44999999999999996,0x147de7f0683f83ee9114108b59d7ddb3382edbd129c01219a8d2c2f3d3e408e0,160217.990125,228.5,False,0.52,"multiple_spread_lines(10)_picked_highest_volume;multiple_totals_lines(24)_picked_highest_volume;Data API per-side offset cap reached on at least one side, but side-split merge still recovered pre-game coverage from the other side"
nba-tor-was-2026-02-28,223666,2026-02-28,2026-03-01T00:00:00+00:00,Raptors,Wizards,Raptors,Wizards,0x6f4a8ef80b7465fbe7f0dd8251a9854a4d0d6637f2e668ca2f55ede61f0cdbc7,2859410.123537,0.8799999952316284,1772323019.0,0.6358127593994141,1772326545,0.6499999761581421,1772325863,0.6456544399261475,1772326500,0.36418724060058594,4128,1500032.75,ok,data_api,True,1771997040,True,0xff5096d55428fdcd85d84cc32da15577c2b637a9827b9453c880ec4c9d97f739,580130.111254,Raptors,-14.5,False,0.4799999827,0x0c68828b5496205fb51a0a0cceeb3b02351e32cb48a094579ddf2448ce820429,239495.649041,229.5,True,0.49,"multiple_spread_lines(2)_picked_highest_volume;multiple_totals_lines(4)_picked_highest_volume;Data API per-side offset cap reached on at least one side, but side-split merge still recovered pre-game coverage from the other side"
nba-cle-bkn-2026-03-01,227853,2026-03-01,2026-03-01T20:30:00+00:00,Cavaliers,Nets,Cavaliers,Nets,0x768222554f2536c3e750d363b4e79a00df187a1bca6c3675dc82e72b2700012e,3203437.576143,0.8399999737739563,1772396967.0,0.6024381518363953,1772404665,0.60999995470047,1772404659,0.6343280673027039,1772402340,0.39756184816360474,3719,1654942.75,ok,data_api,True,1771996932,True,0x1f4eac7eb9bd1fa6a91f65db3c80cf1c2f0fd997ffe4b8aa6da930c5f7b243a8,476781.807944,Cavaliers,-11.5,False,0.49,0xe63a87509477030940b04a03c5016711220a815d35071a08b334a7b79e309898,43355.79277,223.5,False,0.5,"multiple_spread_lines(13)_picked_highest_volume;multiple_totals_lines(21)_picked_highest_volume;Data API per-side offset cap reached on at least one side, but side-split merge still recovered pre-game coverage from the other side"
nba-det-orl-2026-03-01,227867,2026-03-01,2026-03-01T23:00:00+00:00,Pistons,Magic,Pistons,Magic,0x73b5e46f7621408f39bb123b76496521adbf07dd2740265761dfb37c61b8587d,2800122.725119,0.6600000262260437,1772405971.0,0.4099999964237213,1772410647,0.41999998688697815,1772410643,0.42756885290145874,1772410620,0.5891293883323669,4205,1402728.875,ok,data_api,True,1771955100,True,0x15e517ffe17079b822ecba75adc9479b02cd6f8cffb96a748e43c98189a408ab,735311.164966,Pistons,-5.5,True,0.49,0x93f70e8ca83c3ac98a36fa02fa64d626957a7ceab989bbc6d8450aecf09e2807,57562.563861,224.5,False,0.52,"multiple_spread_lines(11)_picked_highest_volume;multiple_totals_lines(19)_picked_highest_volume;Data API per-side offset cap reached on at least one side, but side-split merge still recovered pre-game coverage from the other side"
nba-mem-ind-2026-03-01,227860,2026-03-01,2026-03-01T22:00:00+00:00,Grizzlies,Pacers,Grizzlies,Pacers,0x1feb9dfc82cba526c2c79fcc2e5fde7e7c03f78e09603e07f1bcd22ce864a1fc,1518637.994105,0.5099999904632568,1772402399.0,0.41999998688697815,1772404885,0.42000001668930054,1772404879,0.45735663175582886,1772403900,0.5799999833106995,2064,586355.0,ok,data_api,True,1771996948,True,0x4af98338a1938de2627be0fb6423c2d445a95f6d076af590dc74765e820352b5,17664.692186,Grizzlies,-1.5,True,0.4700000766,0x01b356e712b8aa101ae6c3f18569c92abd2cd314a2633b96336a8ad9c082cfc9,39170.220448,237.5,False,0.4900000121,"multiple_spread_lines(11)_picked_highest_volume;multiple_totals_lines(18)_picked_highest_volume;Data API per-side offset cap reached on at least one side, but side-split merge still recovered pre-game coverage from the other side"
nba-mil-chi-2026-03-01,227855,2026-03-01,2026-03-01T20:30:00+00:00,Bucks,Bulls,Bulls,Bucks,0xfc849164b1f2b6393bb7bfe14e4ea0212af353f70f74bb4b6f07d69723234ec3,2330274.635376,0.4399999976158142,1772396995.0,0.11000001430511475,1772400665,0.11000001430511475,1772401639,0.11782347410917282,1772401500,0.8899999856948853,3231,759564.125,ok,data_api,True,1771996922,True,0x3cf5d49784150a9489c5fbad38f9fab806a15daac5e932bd7a3ed7f00b9f40d7,275021.746712,Bucks,-3.5,False,0.44,0x6f977817a881d7c6264032c34e89179a389c962859374e55fcd24d66cf522364,83035.519876,229.5,False,0.55,"multiple_spread_lines(22)_picked_highest_volume;multiple_totals_lines(15)_picked_highest_volume;Data API per-side offset cap reached on at least one side, but side-split merge still recovered pre-game coverage from the other side"
nba-min-den-2026-03-01,227857,2026-03-01,2026-03-01T20:30:00+00:00,Timberwolves,Nuggets,Timberwolves,Nuggets,0x36f1a2a44df4ba5036447486f1f4e86bb4d1407d76bfd9c35f3d1207f87c8ad5,3223894.45342,0.4300000071525574,1772396997.0,0.2200000286102295,1772399409,0.22999991476535797,1772399409,0.23576906323432922,1772399460,0.7799999713897705,3982,1438039.625,ok,data_api,True,1771982614,True,0x512b55e41721fd5ab3c82df52e39dbb6591ccf7b77959807b6fe3257076565f3,209253.28222,Nuggets,-3.5,False,0.45999999999999996,0x80472d2dcd420d3a9dd8f0a0e0feeff59f15d606d837a5a7cc9667be30379c13,771895.760195,241.5,False,0.47,"multiple_spread_lines(15)_picked_highest_volume;multiple_totals_lines(14)_picked_highest_volume;Data API per-side offset cap reached on at least one side, but side-split merge still recovered pre-game coverage from the other side"
nba-nop-lac-2026-03-01,227872,2026-03-01,2026-03-02T02:00:00+00:00,Pelicans,Clippers,Clippers,Pelicans,0x9978a7e3c0f01a648afe9ff1ee1d79a633ae3051bcc073f1edf074fe67907b65,2631190.878468,0.7300000190734863,1772416787.0,0.699999988079071,1772422765,0.7099999785423279,1772422763,0.7396687269210815,1772417040,0.30000001192092896,2738,1160930.25,ok,data_api,True,1772029514,True,0x93b3ca95298946a19b6a03ebb1dce2aa1053fe3797c9ee32ae2ca74f7e0e07de,724026.445132,Clippers,-8.5,True,0.51,0x19b6bbb0187c665cb2a5c72ae5c197a8db7f424bea12585d723f633b21b6853b,56218.793535,223.5,True,0.4700000002,"multiple_spread_lines(4)_picked_highest_volume;multiple_totals_lines(5)_picked_highest_volume;Data API per-side offset cap reached on at least one side, but side-split merge still recovered pre-game coverage from the other side"
nba-okc-dal-2026-03-01,227869,2026-03-01,2026-03-02T01:00:00+00:00,Thunder,Mavericks,Thunder,Mavericks,0x1dbfa21016a7ab2ddff508ca194550e9b8c0833e90c42b76dcdc1df9a8068645,2367038.197107,0.9100000262260437,1772413177.0,0.8700000047683716,1772414019,0.8799999952316284,1772414003,0.882293701171875,1772413980,0.12999999523162842,1493,946751.0,ok,data_api,False,1771958262,True,0xe32fd6f2dd3dcefd17cdfee49ba5675fa1445fbf05a55d0aa29f2117de50d146,574026.579158,Thunder,-16.5,False,0.48,0x9b6ec5de14f6ead2c0a547f230e241cd8835ecc570b3ecc1270329af53593ed4,699493.32378,235.5,False,0.5300000271,multiple_spread_lines(3)_picked_highest_volume;multiple_totals_lines(6)_picked_highest_volume
nba-phi-bos-2026-03-01,227864,2026-03-01,2026-03-02T01:00:00+00:00,76ers,Celtics,Celtics,76ers,0x9364314112ffeef45391ae3c5ab9262943a75fbdf61636e582ae9908eee8d496,1563337.103033,0.75,1772413195.0,0.5699999928474426,1772415221,0.570598840713501,1772415231,0.589149534702301,1772415180,0.4300000071525574,3244,1050159.0,ok,data_api,True,1772162366,True,0x9e895127200d3318d78fb26e9a352d073ea56ecabe2d318b9f725c83d6bc99c8,274056.238431,Celtics,-9.5,True,0.47,0x2d4c403721752db76b9bad095726940d5b588504500a621eacabf29d10f144f2,60113.315661,221.5,False,0.4899999953,"multiple_spread_lines(2)_picked_highest_volume;multiple_totals_lines(6)_picked_highest_volume;Data API per-side offset cap reached on at least one side, but side-split merge still recovered pre-game coverage from the other side"
nba-por-atl-2026-03-01,227862,2026-03-01,2026-03-01T23:00:00+00:00,Trail Blazers,Hawks,Hawks,Trail Blazers,0x3fcbaed95aa299105ae7a51706f2c350b9978c247b96f4b931e7e16e296ed13a,1989736.218235,0.6800000071525574,1772405995.0,0.6200000047683716,1772406917,0.6299999356269836,1772406935,0.6342985033988953,1772406900,0.3799999952316284,1410,627073.3125,ok,data_api,True,1771997002,True,0xeab1efb24ea7f1f98014b9f02c551b5f2b3f70dbf4dfc8f5d891b6cb0cbdf1f9,299335.56246,Hawks,-6.5,True,0.5,0xcf9bab398814206937e95400ac300f48d86bc27a57a0c4d2eef6015e98f9fe6e,57533.857892,235.5,True,0.49,"multiple_spread_lines(18)_picked_highest_volume;multiple_totals_lines(14)_picked_highest_volume;Data API per-side offset cap reached on at least one side, but side-split merge still recovered pre-game coverage from the other side"
nba-sac-lal-2026-03-01,227874,2026-03-01,2026-03-02T02:30:00+00:00,Kings,Lakers,Lakers,Kings,0xf266723c4c356ec10a32e558f25b7679733b924859da42769af659f8ec8becee,1923961.85819,0.8600000143051147,1772418595.0,0.8600000143051147,1772418601,0.8600000143051147,1772418601,0.8600016832351685,1772419140,0.14000000059604645,1475,892153.0625,ok,data_api,False,1771948816,True,0xb1de8c1af3ffc2e7ad071656c25bf8ee83aa60e4e3889d07f4bed74d47d629c5,652837.25357,Lakers,-12.5,True,0.5299999901,0x2b97d03e7c5e68ab7e3b80cd1f73ccc6d0bfc387a8a662c124b4fbce9c29a9bb,200196.260992,234.5,False,0.5299999941,multiple_spread_lines(2)_picked_highest_volume;multiple_totals_lines(5)_picked_highest_volume
nba-sas-nyk-2026-03-01,239786,2026-03-01,2026-03-01T18:00:00+00:00,Spurs,Knicks,Knicks,Spurs,0xd8c9d552389db5f954ce57f0db7d3afb9d9938dce80563f248002714d7fab8ee,297920.964059,,,0.5900000333786011,1772393369,0.6109709739685059,1772393367,0.6751535534858704,1772393340,0.4099999964237213,834,471545.59375,ok,data_api,False,1772392551,False,,,,,,,,,,,,missing_spread_market;missing_totals_market;no pre-game trades found (market may have opened at/after tip-off)
nba-bos-mil-2026-03-02,227879,2026-03-02,2026-03-03T00:30:00+00:00,Celtics,Bucks,Celtics,Bucks,0x492fc9c69acce9575e73735cdc5b8676b467e4ec9794224530d2d7e016365750,6615304.048053,0.5699999928474426,1772497795.0,0.4399999976158142,1772498681,0.44999998807907104,1772498637,0.45273053646087646,1772498640,0.5600000023841858,3420,2309721.0,ok,data_api,True,1771996936,True,0x54e9d13fb3855f12209c9cb8a58acd8d14ad768cb4b83d114ad6ad350ff18158,1554541.377332,Celtics,-2.5,True,0.4899999804,0x06fd0335ef12438cec5089230ad28f8fd58e53874ed1b6590d058ea3a0026eec,729541.938022,216.5,False,0.48,"multiple_spread_lines(3)_picked_highest_volume;multiple_totals_lines(3)_picked_highest_volume;Data API per-side offset cap reached on at least one side, but side-split merge still recovered pre-game coverage from the other side"
nba-den-uta-2026-03-02,227882,2026-03-02,2026-03-03T02:00:00+00:00,Nuggets,Jazz,Nuggets,Jazz,0x55483b95942035d6b067568d8f795420d3cb30fd2932bae2535efb8194f24eb0,3891477.300195,0.8400000333786011,1772502679.0,0.2890753746032715,1772511639,0.2900000214576721,1772511625,0.3586423099040985,1772511600,0.7099999785423279,5316,1940270.0,ok,data_api,True,1771997054,True,0x015ba8322a7a6218a7b9c22f46bf8114c001867e4debed875beb86b2c82105c6,485609.053678,Nuggets,-11.5,False,0.4916526261,0x0f0602c864f18a786e51f69f4ca8165a233b73ed57ccf70c2360bf668647e6c5,379556.909179,242.5,True,0.4900000243,"multiple_spread_lines(3)_picked_highest_volume;multiple_totals_lines(4)_picked_highest_volume;Data API per-side offset cap reached on at least one side, but side-split merge still recovered pre-game coverage from the other side"
nba-hou-was-2026-03-02,227877,2026-03-02,2026-03-03T00:00:00+00:00,Rockets,Wizards,Rockets,Wizards,0x482c2bfdabe8f0c5e09a392af916ef2f2ad7e36dd464a6f6cfc8712f28957d82,3053058.050174,0.8999999761581421,1772495983.0,0.8100000023841858,1772498267,0.8199999928474426,1772498227,0.8225129842758179,1772498340,0.1899999976158142,2052,1571466.75,ok,data_api,True,1771948842,True,0xc46365c4329653cae7d6a2d2ab6a61d8840b45e01892be5f2d3eb5a278da0639,396354.758339,Rockets,-14.5,False,0.5099999566,0x1f77803d6bc5fc23a9c93c1ff6245047efcfacf83d3087373087a1e24a85fc65,1045001.879729,225.5,True,0.4800000069,"multiple_spread_lines(3)_picked_highest_volume;multiple_totals_lines(5)_picked_highest_volume;Data API per-side offset cap reached on at least one side, but side-split merge still recovered pre-game coverage from the other side"
nba-lac-gsw-2026-03-02,227884,2026-03-02,2026-03-03T03:00:00+00:00,Clippers,Warriors,Clippers,Warriors,0x03e38f4c5abeb1560d3af133186dd3130f80183364964abf4724efbc7debeefe,6850808.171311,0.5,1772506747.0,0.1499999761581421,1772510831,0.1599999964237213,1772510829,0.15628057718276978,1772510880,0.8500000238418579,5504,1726562.875,ok,data_api,True,1772168028,True,0xffbd4be42e53ee41f6515f4623df87f393f25cba62188a65957a18a891a6b00a,344373.257322,Warriors,-1.5,False,0.4600000057,0x4292406b57cc4e00b3970c9639faa3b8f6d088688def421eb5d0237421971e97,179419.995382,215.5,False,0.53,"multiple_spread_lines(2)_picked_highest_volume;multiple_totals_lines(5)_picked_highest_volume;Data API per-side offset cap reached on at least one side, but side-split merge still recovered pre-game coverage from the other side"
nba-bkn-mia-2026-03-03,230082,2026-03-03,2026-03-04T00:30:00+00:00,Nets,Heat,Heat,Nets,0x83caf550c864de9f54ac3a96f7f3adb98e081d72a71ce66526e5286fcf37fd40,1169216.26242,0.8500000238418579,1772584195.0,0.8100000023841858,1772586083,0.8199999928474426,1772586081,0.8342108726501465,1772586120,0.1899999976158142,1079,494969.25,ok,data_api,True,1772335569,True,0xcf13555b7b753775013a723ea917085fbbffd118fb4ee9b489487923ccc92692,161026.176053,Heat,-12.5,True,0.49,0xce593ece9c6a87ae1265630bca3c0753fa0570faa276c3f2db5826fa93021601,45012.671068,225.5,False,0.5099999985,"multiple_spread_lines(2)_picked_highest_volume;multiple_totals_lines(3)_picked_highest_volume;Data API per-side offset cap reached on at least one side, but side-split merge still recovered pre-game coverage from the other side"
nba-dal-cha-2026-03-03,230076,2026-03-03,2026-03-04T00:00:00+00:00,Mavericks,Hornets,Hornets,Mavericks,0x5d3a974f0e3fdaa21a7d5641054f6f9babbc348a25b7bb93f48abe9d4904c1d0,1633813.386715,0.8500000238418579,1772582387.0,0.8200001120567322,1772585563,0.8299999833106995,1772585461,0.8227364420890808,1772585460,0.17999987304210663,1515,593642.4375,ok,data_api,True,1772340969,True,0x0ceb3a99c037427efb2b4859b723974ee9df7b5c904d0c998f327588ac6b526c,1036569.831771,Hornets,-13.5,True,0.49,0x66b0aa90baaaa30c113977926650dcedbe43dc979a95c5f338613eaae0e8a0ae,200592.289132,228.5,False,0.4899999804,"multiple_spread_lines(3)_picked_highest_volume;multiple_totals_lines(4)_picked_highest_volume;Data API per-side offset cap reached on at least one side, but side-split merge still recovered pre-game coverage from the other side"
nba-det-cle-2026-03-03,230078,2026-03-03,2026-03-04T00:00:00+00:00,Pistons,Cavaliers,Cavaliers,Pistons,0xece8eb800e47471040918a24fe0a1cdaec640418abc64845bda2b13239ae94ac,3325256.640631,0.41999998688697815,1772582387.0,0.35573023557662964,1772584885,0.36000001430511475,1772584885,0.3902376592159271,1772584740,0.6442697644233704,4598,1618983.25,ok,data_api,True,1772118494,True,0x6d37196687809667c9b089b26f10f0d44860c01db0a4abb54c53430eaa53d0ad,789814.048667,Pistons,-2.5,False,0.5,0x745cbc865f67a5560af1cfb3c7a94d7976a5427c0a2cd13a2e2095bf9b6a26d3,216911.367129,227.5,False,0.52,"multiple_spread_lines(2)_picked_highest_volume;multiple_totals_lines(4)_picked_highest_volume;Data API per-side offset cap reached on at least one side, but side-split merge still recovered pre-game coverage from the other side"
nba-mem-min-2026-03-03,230090,2026-03-03,2026-03-04T01:00:00+00:00,Grizzlies,Timberwolves,Timberwolves,Grizzlies,0x3c79a37af2fc03f57226323473d6c14f242744cf3d47ddc7ca04616b162c18c2,2707372.67751,0.8500000238418579,1772585993.0,0.6399999856948853,1772589501,0.6399999856948853,1772589509,0.6527484655380249,1772589480,0.36000001430511475,2523,952836.125,ok,data_api,True,1772417347,True,0x68bd7c92c8787861473f2c8e1f5d45ae17cffed256fe2ada79d254437200086f,507169.09106,Timberwolves,-14.5,False,0.49,0x46973f3a6cc64455d7abc7277a62dfea1631c61470dac4fe8e6e773beba907c1,175248.907872,237.5,False,0.44,"multiple_spread_lines(2)_picked_highest_volume;multiple_totals_lines(4)_picked_highest_volume;Data API per-side offset cap reached on at least one side, but side-split merge still recovered pre-game coverage from the other side"
nba-nop-lal-2026-03-03,230092,2026-03-03,2026-03-04T03:30:00+00:00,Pelicans,Lakers,Lakers,Pelicans,0x54b4ef637940949da1c2e056bcec9cbf71b4c5ba55c24bdbec27bbcdf9ac714e,3507122.554973,0.7400000095367432,1772594955.0,0.25,1772602619,0.25999999046325684,1772602621,0.27659496665000916,1772602680,0.75,4864,2002921.375,ok,data_api,True,1772340839,True,0x2afa0369dac68a53947f019d7858202d90be8a7715c90192e643d326b58c7870,421075.145854,Lakers,-8.5,True,0.47000019429999995,0x05c3989cf332239b7d3b1298e58cbedc70ed3a6d942ef674b56d1d89e03b7aaf,267814.866603,242.5,False,0.5,"multiple_spread_lines(3)_picked_highest_volume;multiple_totals_lines(8)_picked_highest_volume;Data API per-side offset cap reached on at least one side, but side-split merge still recovered pre-game coverage from the other side"
nba-nyk-tor-2026-03-03,230084,2026-03-03,2026-03-04T00:30:00+00:00,Knicks,Raptors,Knicks,Raptors,0x7ae96dcdd6a5e5fe2b52850d921e2b2c8d68cb9a8e48c5337480b19dbe996ca9,2417978.389438,0.5600000023841858,1772584199.0,0.3799999952316284,1772585907,0.3799999952316284,1772585909,0.39193791151046753,1772586000,0.6200000047683716,2909,969472.8125,ok,data_api,True,1772145750,True,0x28e6c2029533c827a6813de7f6e38cfd1fc65bc9f803860083baf3dff9d875dc,656714.634079,Knicks,-2.5,True,0.5099999879,0xb60c5716d52595767cd769f577d9975c1ead1b4086115c0a10653a770b811f49,138789.71914,221.5,False,0.5099999993,"multiple_spread_lines(2)_picked_highest_volume;multiple_totals_lines(5)_picked_highest_volume;Data API per-side offset cap reached on at least one side, but side-split merge still recovered pre-game coverage from the other side"
nba-okc-chi-2026-03-03,230088,2026-03-03,2026-03-04T01:00:00+00:00,Thunder,Bulls,Thunder,Bulls,0x1531b8e58874df83c4eb9feee59f3b70454c272a8b43afd1de1a714a6498cb22,2279846.730642,0.7799999713897705,1772585999.0,0.6699999570846558,1772590973,0.6699999570846558,1772590981,0.6840747594833374,1772590980,0.33000001311302185,1819,1072781.5,ok,data_api,True,1772117184,True,0x01b3caa50a85bce1f126cac2104f04efb07267f3da2bb366df49a9278cbf4fd6,873977.768609,Thunder,-10.5,False,0.4500000129,0x07483e4be91fca62e958b70a074ae66d7e4b84e47948be5850d1fbdabf4e6bde,89614.450068,229.5,False,0.5300000113000001,"multiple_spread_lines(2)_picked_highest_volume;multiple_totals_lines(4)_picked_highest_volume;Data API per-side offset cap reached on at least one side, but side-split merge still recovered pre-game coverage from the other side"
nba-phx-sac-2026-03-03,230094,2026-03-03,2026-03-04T04:00:00+00:00,Suns,Kings,Suns,Kings,0xe9f43d3e0f03a99f03a3449909173ffe50b7a2d6198bfd2cba4c213cfa294a57,1861779.158198,0.7799999713897705,1772596785.0,0.6000000238418579,1772599011,0.6000000238418579,1772599017,0.6110447645187378,1772599080,0.4000000059604645,2513,936326.125,ok,data_api,True,1772361473,True,0x7909d71884ecd7d0388675193a97b8d9e284d2cb4bd4420995752851801c3256,703594.013628,Suns,-9.5,True,0.48,0x251b450fae72c2b32dd83a2d967b0409121d04bb4f91f85696daf1249b1af339,130140.161068,224.5,False,0.49,"multiple_spread_lines(2)_picked_highest_volume;multiple_totals_lines(6)_picked_highest_volume;Data API per-side offset cap reached on at least one side, but side-split merge still recovered pre-game coverage from the other side"
nba-sas-phi-2026-03-03,230086,2026-03-03,2026-03-04T01:00:00+00:00,Spurs,76ers,Spurs,76ers,0x99458cbea1171f98dff4da36b2c7a0dd0dca181bd30fa04fbb15e376c9a5eaec,1122967.832663,0.7400001287460327,1772585997.0,0.7300000190734863,1772586719,0.7300000190734863,1772588359,0.7399976253509521,1772586720,0.27000001072883606,960,375599.75,ok,data_api,True,1772168038,True,0x42a8a054d7cdf21a9c73c8a2ae1985d22bcd8328ecfd60870203ceaed05559bd,174792.344552,Spurs,-8.5,True,0.47000000350000004,0x5698904f7b472037d47ba2aeee668f650997adf0341fc62fccd5d37a888c97aa,279730.120064,231.5,False,0.4900000003,"multiple_spread_lines(4)_picked_highest_volume;multiple_totals_lines(4)_picked_highest_volume;Data API per-side offset cap reached on at least one side, but side-split merge still recovered pre-game coverage from the other side"
nba-was-orl-2026-03-03,230080,2026-03-03,2026-03-04T00:00:00+00:00,Wizards,Magic,Magic,Wizards,0xcd2713f03fedb14b6f44bd2237b655cf1dda883c676fdcc57728a5633fe72ee8,1853609.651922,0.9100000262260437,1772582399.0,0.8700000047683716,1772585161,0.8700000047683716,1772585161,0.8752847909927368,1772585160,0.12999998033046722,1427,657602.0,ok,data_api,True,1772213641,True,0x030f5c359555c923594d55661aece03722faf4d118cccfa62b137ec0a1613df6,492011.861969,Magic,-15.5,True,0.52,0x27061f649ac2d6eecc52c996d0941215d0d4d207e1cc90f2bdb593b0173a0575,559326.009292,228.5,True,0.49000000330000004,"multiple_spread_lines(2)_picked_highest_volume;multiple_totals_lines(4)_picked_highest_volume;Data API per-side offset cap reached on at least one side, but side-split merge still recovered pre-game coverage from the other side"
nba-atl-mil-2026-03-04,232551,2026-03-04,2026-03-05T02:30:00+00:00,Hawks,Bucks,Hawks,Bucks,0x5db4329b20d022dbabb16efa11255f0ef31749934b71f088b8035ebebc46b051,0.0,0.5099999904632568,1772677755.0,0.1899999976158142,1772680457,0.1899999976158142,1772680459,0.21113711595535278,1772680440,0.8100000023841858,4682,1519948.875,ok,data_api,True,1772341053,True,0x0428b6fd2d351216a4cbfe897c00e6711afac5d5326dbfda170a5026f6388862,0.0,Hawks,-1.5,True,0.4899999973,0x7c9344aedcbe851b1187a4b45834b285fda39c65c9f9bc5a59335fdd35cd735f,0.0,231.5,True,0.529999947,"multiple_totals_lines(4)_picked_highest_volume;Data API per-side offset cap reached on at least one side, but side-split merge still recovered pre-game coverage from the other side"
nba-cha-bos-2026-03-04,232544,2026-03-04,2026-03-05T00:30:00+00:00,Hornets,Celtics,Hornets,Celtics,0xb9a90ecb36431bc6e514c561fb0292ba66927540d60cbd7b8b7ff429510d4f06,2705029.11692699,0.30000001192092896,1772670595.0,0.2900000810623169,1772670635,0.30000001192092896,1772670603,0.300293505191803,1772671200,0.7099999189376831,3187,1403851.75,ok,data_api,True,1772341167,True,0x126ed311a5244ecb8d1289f5639f6bf3af2f6911a67a33e431440dfa2d353ca1,0.0,Celtics,-6.5,False,0.51,0x1c8343fe1a584c97805269b83666fae09d316274af92fba87c4ca22b5feef2b8,0.0,215.5,False,0.48,"multiple_totals_lines(5)_picked_highest_volume;Data API per-side offset cap reached on at least one side, but side-split merge still recovered pre-game coverage from the other side"
nba-ind-lac-2026-03-04,232553,2026-03-04,2026-03-05T03:30:00+00:00,Pacers,Clippers,Clippers,Pacers,0x9a53155b972f235e6f2fa2984c88538873ef3191a95fe2e7030011b78313c129,0.0,0.8399999737739563,1772681385.0,0.8100000023841858,1772682099,0.8199999928474426,1772682087,0.8206040263175964,1772682120,0.1899999976158142,1693,978572.125,ok,data_api,True,1772401125,True,0xc3c1bdd4e4ac499812180a427ee4f7a4ce4f261b74655b2a2e079f2ecc4d9cce,305495.02431199985,Clippers,-13.5,True,0.42000000410000005,0x7d4fd579098ec0b1088b75f2564abd6ceb74304d0349238ff6db4baaf80edc62,0.0,226.5,True,0.5500001324,"multiple_spread_lines(3)_picked_highest_volume;multiple_totals_lines(3)_picked_highest_volume;Data API per-side offset cap reached on at least one side, but side-split merge still recovered pre-game coverage from the other side"
nba-okc-nyk-2026-03-04,232543,2026-03-04,2026-03-05T00:00:00+00:00,Thunder,Knicks,Thunder,Knicks,0x62443d7c2ddf909308e6bb3430ff8cc08a1e07b682a25b21ab0dd59f2947a320,0.0,0.6100000143051147,1772668719.0,0.4300000071525574,1772676401,0.4399999976158142,1772676401,0.4884008765220642,1772676240,0.5600000023841858,4954,1560272.25,ok,data_api,True,1772340837,True,0xafdd62a8c64d37d02610e112f9ed3928893ad00f7e2c70d4ace7ee227bf260a7,0.0,Thunder,-4.5,False,0.4899999842,0x3e4e61cf418a58c1a50784d5e32135a76d1712836ffd1bfe66db13b8e46b0513,0.0,223.5,False,0.440000005,"multiple_spread_lines(2)_picked_highest_volume;multiple_totals_lines(4)_picked_highest_volume;Data API per-side offset cap reached on at least one side, but side-split merge still recovered pre-game coverage from the other side"
nba-por-mem-2026-03-04,232549,2026-03-04,2026-03-05T01:00:00+00:00,Trail Blazers,Grizzlies,Trail Blazers,Grizzlies,0xad05ec136e7531f483c056df3a55daff5a95ca048a1d4337164763abc72747f7,0.0,0.75,1772672399.0,0.5476319789886475,1772676579,0.5600000023841858,1772676531,0.5673693418502808,1772676480,0.45236799120903015,2982,869429.25,ok,data_api,True,1772340835,True,0x13c0b357776b543e45cf8cdf1dcde6a16551a669bf4975f99133f65d71e618cf,0.0,Trail Blazers,-7.5,True,0.5699998233,0xd7879edb0333f4d9bcb4c58414794bf449b5d33e84553703e8e030bf14859a42,72954.25304900002,237.5,False,0.38,"multiple_spread_lines(4)_picked_highest_volume;multiple_totals_lines(8)_picked_highest_volume;Data API per-side offset cap reached on at least one side, but side-split merge still recovered pre-game coverage from the other side"
nba-orl-chi-2026-04-10,343270,2026-04-10,2026-04-11T00:00:00+00:00,Magic,Bulls,Magic,Bulls,0x286e88c7eb6f67a5d5ab7e2dcbdc03d63227a954b128e6b729ae2f88b9a919d8,445517.74654300103,0.9100000262260437,1775865597.0,0.8799999952316284,1775867751,0.8899998664855957,1775867797,0.8799999952316284,1775867820,0.11999999731779099,745,284835.4375,ok,data_api,False,1775327933,True,0x5db810a231c7eeba2f831dee572e1cb0c955fc10a74ec86116611b55f210b9b0,969661.2794710017,Magic,-15.5,True,0.51,0xfe47c64b2db05845a61a0c66b976c6b61a317620a347d9981ad9359f3af784a5,25363.364554000014,243.5,False,0.56,multiple_spread_lines(2)_picked_highest_volume;multiple_totals_lines(5)_picked_highest_volume
nba-mem-uta-2026-04-10,343277,2026-04-10,2026-04-11T01:30:00+00:00,Grizzlies,Jazz,Jazz,Grizzlies,0x8eba7dd774b1c203320616e4228b63f948c5069d8ff9c0073435765205e31a75,583514.8897079997,0.6299999952316284,1775870999.0,0.5600000023841858,1775872039,0.5699999928474426,1775872019,0.5647236108779907,1775873340,0.4399999976158142,1362,426693.75,ok,data_api,False,1775570513,True,0x4c5fedf48bf6b2b95108b37afa83734b830f9be68becf9ed9cf995cb161acbb9,185374.50072399992,Jazz,-4.5,True,0.53,0xa940daa53f486e2f211aebd157452fb21ceec8d944b0adc8c4c817b6869769f5,83945.08518199997,248.5,False,0.490000007,multiple_spread_lines(2)_picked_highest_volume;multiple_totals_lines(4)_picked_highest_volume
nba-min-ind-2026-04-07,332527,2026-04-07,2026-04-07T23:00:00+00:00,Timberwolves,Pacers,Timberwolves,Pacers,0xb16fe5b3db23336a64193f4724af38294775bf17f79bf2d513a3093c77d9933a,602057.0160079998,0.8700000047683716,1775602775.0,0.8199999928474426,1775603547,0.8299999833106995,1775603547,0.8405262231826782,1775603520,0.18000000715255737,1193,411005.6875,ok,data_api,False,1775081805,True,0x3c6ce529e4eec048bfeb2b6fb2874085ff5fac5f54989970858e17719a236e09,535156.5159949979,Timberwolves,-12.5,True,0.519999983,0x5cdb92c1b360589fb6693ac2705874f8d9a729bea4ebe362ece3abf4ad8acc65,1422519.1385730014,233.5,False,0.5399999999,multiple_spread_lines(14)_picked_highest_volume;multiple_totals_lines(14)_picked_highest_volume
nba-bkn-mil-2026-04-10,343274,2026-04-10,2026-04-11T00:00:00+00:00,Nets,Bucks,Bucks,Nets,0xcf00c69653df22c197658f42ddbcf4b1a5b12b72d0a1ce487a8cee7f5f03eb0d,769133.0096260017,0.800000011920929,1775865599.0,0.7900000214576721,1775865701,0.7900000214576721,1775865707,0.7999953627586365,1775865720,0.20000000298023224,1191,382725.15625,ok,data_api,False,1775314937,True,0x3ad46ad419568d358e55c5d71ec4920d18879a5081d688cfdf09b281923599f3,262282.7248919999,Bucks,-10.5,True,0.48,0x958fc86fe0aea306a62b3dd2312424fc3050c28b52f23172c4853727ee1cdbb8,283416.3415009996,217.5,True,0.5,multiple_spread_lines(2)_picked_highest_volume;multiple_totals_lines(5)_picked_highest_volume
nba-det-ind-2026-04-12,350435,2026-04-12,2026-04-12T22:00:00+00:00,Pistons,Pacers,Pistons,Pacers,0x608d03f8f77679960037925428fef78c55c4d1619a0a16ba4b57355bc4143f2d,729758.8540019996,0.9100000262260437,1776031195.0,0.8999999761581421,1776031255,0.9100000262260437,1776031211,0.8999999761581421,1776031680,0.10000000149011612,615,332383.4375,ok,data_api,False,1775484469,True,0x2e35ac51989bd81176694e4db7234c7e9255c65391302218d501e5dbd874353e,198535.96533300003,Pistons,-14.5,False,0.57,0xefc672b65c91cde18a9e16bb51a578963444db9654a90cb47c530516fec80a5c,229918.42007899997,230.5,True,0.53,multiple_spread_lines(16)_picked_highest_volume;multiple_totals_lines(24)_picked_highest_volume
