stat,r_self,r_within,r_next_margin,n_pairs,r_vs_ref,block_games,seasons
net_rtg_luckadj_nogarbage,0.47500901078832636,0.07391742961685466,0.5110012336731741,450,0.7674698421508261,5,2024-25
net_rtg_luckadj,0.4735726590135849,0.09021129641227409,0.4885260238321916,450,0.7431884121257601,5,2024-25
net_rtg_nonclutch,0.4552703370896278,0.0875842797117874,0.4686935896594708,450,0.9669085109036935,5,2024-25
net_rtg_nogarbage,0.46201438973021147,0.08140843875982448,0.4673535900972579,450,0.9805664757055119,5,2024-25
margin_pg,0.45679224558674913,0.07322399575128757,0.45679224558674913,450,0.9979101340690438,5,2024-25
net_rtg,0.4473112341410229,0.06678010809922347,0.4526346019803394,450,,5,2024-25
off_rtg_nogarbage,0.4196513073874222,0.08013669751550084,0.3928076713581171,450,0.7454305170244198,5,2024-25
net_rtg_2h,0.28122373484165386,0.010463562543596846,0.3696359163379258,450,0.7924369361832534,5,2024-25
time_leading_share,0.35583301337021983,0.027893068761163844,0.36358112555087946,450,0.7958154429112666,5,2024-25
net_rtg_1h,0.33773822672875864,0.039241329602706716,0.36348510749252255,450,0.7544873646633977,5,2024-25
off_rtg,0.397812201466159,0.0760783920066067,0.3630112494652814,450,0.7355046312587844,5,2024-25
net_rtg_close,0.32841829164860514,0.011221163357795197,0.35568612470167243,450,0.8161604267926076,5,2024-25
net_rtg_leading8,0.19731887403644513,0.06023190997012837,0.2964217927201007,324,0.5622601659421906,5,2024-25
efg,0.3248094543381618,-0.015919461680764784,0.2863107822531372,450,0.5860382868148806,5,2024-25
net_rtg_trailing8,0.1735845288106991,-0.0069253107729167285,0.271868562049041,329,0.49478224026045287,5,2024-25
net_rtg_clutch,0.45079161810134666,0.19568409336458534,0.2179798363440425,12,0.38513391508531464,5,2024-25
largest_run_for,0.0363076360219222,-0.12630817464574667,0.20792332868096378,450,0.5129064578127824,5,2024-25
top3_lineup_share,0.4195216539956179,0.058072863066083606,0.1272382788273889,450,0.15300847532737372,5,2024-25
top_lineup_share,0.36361870712615246,0.0829763337848991,0.11873673244650718,450,0.13853894916837142,5,2024-25
own_3p_luck_per100,0.11323659832291291,-0.07052972152947523,0.11721547924109903,450,0.470358631609839,5,2024-25
fta_rate,0.12909076697868357,-0.0027224829451809257,0.08121561366386283,450,0.04299161345924617,5,2024-25
rim_rate,0.43379450170879974,0.09397518753479417,0.05501838633349267,450,0.036257807224349126,5,2024-25
lead_changes,0.059056216969175346,0.013438334219854166,0.022319876493531562,450,-0.031176200774673334,5,2024-25
pace48,0.4880064044181723,0.05616008785318001,0.008850628156690075,450,0.020159321644647166,5,2024-25
three_rate,0.6785009928301644,0.2765125477175873,0.008141895226157604,450,0.06501153117619372,5,2024-25
opp_fg3_pct,0.026254387970392336,-0.04597421554164353,0.004926249821148739,450,-0.37916159219811346,5,2024-25
mid_rate,0.48029110870548536,0.1336040461441542,-0.016358115993976477,450,-0.08503733700855187,5,2024-25
oreb_per100,0.4131635590201939,0.02799109914500461,-0.058995665212747225,450,-0.004519884474144398,5,2024-25
largest_run_against,0.01165068091409793,-0.12244645235634467,-0.12152422756008843,450,-0.42166792028607175,5,2024-25
lineups_per100,0.4987918030354079,0.0033121548975738506,-0.15873960554283734,450,-0.21689237656019256,5,2024-25
tov_rate,0.2729138153093507,-0.033724835145928125,-0.2315046202345533,450,-0.3511844710635629,5,2024-25
def_rtg,0.2673323189677143,0.033056618399817196,-0.28375997160526445,450,-0.7040672254853926,5,2024-25
def_rtg_nogarbage,0.2663062647013101,0.03171050048042838,-0.2965302357534906,450,-0.7127292472420393,5,2024-25
net_rtg_luckadj_nogarbage,0.5883669012224647,0.019891665005502192,0.5915087819136298,210,0.8292396009754706,10,2024-25
net_rtg_luckadj,0.5905817720406528,0.05465165963108045,0.5738763393194707,210,0.8063960237424328,10,2024-25
net_rtg_nonclutch,0.5467934740826943,0.02295450305825435,0.5687554669884122,210,0.975902123210675,10,2024-25
net_rtg_nogarbage,0.5491670106865995,0.0007829889567875015,0.5621971895385222,210,0.9854521348453992,10,2024-25
margin_pg,0.5563735527379384,0.02141750511265654,0.5563735527379384,210,0.9986050221808882,10,2024-25
net_rtg,0.5485920763139362,0.011646071094159749,0.5534045659986501,210,,10,2024-25
time_leading_share,0.4613292274388583,-0.0463101383912739,0.4968546189535638,210,0.8478626230760188,10,2024-25
off_rtg_nogarbage,0.5470892611774331,0.0813784150664444,0.49557011327785655,210,0.7909711610311113,10,2024-25
net_rtg_1h,0.4643309617215081,0.006553292694872608,0.47514357215026537,210,0.8154179281850216,10,2024-25
net_rtg_close,0.40820889125766396,-0.10354878386146851,0.4686400226199694,210,0.8651738272313192,10,2024-25
off_rtg,0.528797260331369,0.08270463649153903,0.458492351538144,210,0.7771642309220004,10,2024-25
net_rtg_2h,0.361508294291623,-0.05830323860788572,0.44538571654453274,210,0.8295015369069338,10,2024-25
net_rtg_leading8,0.35717778559067775,0.054119361771100966,0.4247263200410356,199,0.6962772622972755,10,2024-25
efg,0.5255055381352802,0.05987925674640637,0.3619427494659019,210,0.6336104362067406,10,2024-25
net_rtg_trailing8,0.19864883035738684,-0.044524771874855595,0.3085895418455829,205,0.5816997041281138,10,2024-25
top_lineup_share,0.3849769040104355,-0.05082494202619707,0.23451304445419063,210,0.2593238376145553,10,2024-25
top3_lineup_share,0.48410058666287714,-0.018884950390551377,0.2248928311130286,210,0.2541905230374193,10,2024-25
own_3p_luck_per100,0.21810911982301714,-0.08714998965096125,0.17714322634427596,210,0.5099745718997414,10,2024-25
largest_run_for,0.07937142313537508,-0.23278359759448794,0.1749339169567509,210,0.5961274672023479,10,2024-25
net_rtg_clutch,0.1200915033687873,-0.11423061637509996,0.040729049502952676,70,0.25469175963986335,10,2024-25
rim_rate,0.532733391666534,-0.004700952415249163,0.032660474664162,210,0.030971514834878897,10,2024-25
three_rate,0.7226550871907715,0.1903849621013003,0.01587909065553083,210,0.07046028583720954,10,2024-25
fta_rate,0.197305673672696,-0.040350467554885104,0.014175812875699563,210,0.06613520318452189,10,2024-25
mid_rate,0.6205845139853456,0.16902197510134717,0.010212729813405904,210,-0.07732687453852802,10,2024-25
pace48,0.5810806850416919,-0.06533370980942996,-0.005276434440261826,210,0.006460936171975115,10,2024-25
lead_changes,0.007774495799076299,-0.09609831230772982,-0.024493297058848798,210,-0.014939180849732548,10,2024-25
opp_fg3_pct,0.01906659111331817,-0.11581317901651646,-0.03442794472515029,210,-0.3663531817232517,10,2024-25
oreb_per100,0.5631265869106991,0.022974470656986844,-0.08470543194368695,210,-0.015336007495541072,10,2024-25
largest_run_against,0.2070607552156129,-0.04874516024677342,-0.2055418757495723,210,-0.46972175596998167,10,2024-25
lineups_per100,0.6389086075812532,-0.003719169205311142,-0.23150981666961826,210,-0.3027303359561114,10,2024-25
def_rtg,0.3600441726384393,-0.0004286349787715375,-0.3566651837105556,210,-0.7268910803625451,10,2024-25
def_rtg_nogarbage,0.3433289600544594,-0.031087447639691332,-0.3576607760776958,210,-0.7369502121871142,10,2024-25
tov_rate,0.4769305344002481,0.027426023272896605,-0.3639524416897219,210,-0.4412604005138524,10,2024-25
net_rtg_nogarbage,0.6500849124575816,-0.22333010718965696,0.6552350277083968,90,0.9922785973916289,20,2024-25
net_rtg_nonclutch,0.6320336517444559,-0.21999471729944445,0.6530849213463854,90,0.9842307170794558,20,2024-25
margin_pg,0.6420428708999096,-0.18885760361613596,0.6420428708999096,90,0.9990098057708627,20,2024-25
net_rtg,0.63524953359384,-0.20569712849547098,0.639392826462291,90,,20,2024-25
net_rtg_luckadj_nogarbage,0.6320553799883406,-0.2660890511689424,0.6022858029607716,90,0.8766440590372606,20,2024-25
time_leading_share,0.5610051901671361,-0.2406291117530333,0.579048305270812,90,0.8912619565288952,20,2024-25
net_rtg_1h,0.579305250997447,-0.19353550375819575,0.5737346667757776,90,0.871255190593963,20,2024-25
net_rtg_2h,0.5327560809625561,-0.14991108174341888,0.571477079715477,90,0.8702034108951398,20,2024-25
net_rtg_close,0.5309300323683053,-0.27614367785133237,0.5679200768634681,90,0.9014011956899886,20,2024-25
net_rtg_luckadj,0.6001366075709914,-0.25635869158330327,0.5628265096054683,90,0.8543490249328529,20,2024-25
off_rtg_nogarbage,0.660991978967961,-0.12023022664941142,0.5621823378886569,90,0.8244923382375813,20,2024-25
off_rtg,0.6431655773101908,-0.08626485858559986,0.5208374483300915,90,0.8046216632439952,20,2024-25
net_rtg_leading8,0.30388235152307097,-0.3256221764456344,0.49086466238697474,90,0.7454844310324045,20,2024-25
net_rtg_trailing8,0.403032238838214,0.000656856341972095,0.45994147100576943,90,0.6513616752495809,20,2024-25
efg,0.595874681526107,-0.23447572710632647,0.4378273508944016,90,0.6360016471526605,20,2024-25
largest_run_for,0.3356757224501134,-0.4046363039737832,0.3773025029338839,90,0.6388321895029666,20,2024-25
own_3p_luck_per100,0.35838385910841136,-0.2958842586637037,0.34577638280609235,90,0.524943986036744,20,2024-25
top_lineup_share,0.3886676315065918,-0.2584980693423548,0.34265973458556737,90,0.3747014075990412,20,2024-25
top3_lineup_share,0.5819411946272242,-0.22140845594130976,0.31503965882086954,90,0.349381584980691,20,2024-25
net_rtg_clutch,0.15537837521597245,-0.187842922895858,0.2276905313587316,82,0.35869983215682627,20,2024-25
mid_rate,0.6615576394602372,-0.10406704567333834,0.046808840275099343,90,-0.06423518420930609,20,2024-25
pace48,0.7324806760310519,-0.1413579858923216,0.03928620670024825,90,0.009701289207506236,20,2024-25
three_rate,0.7657389554566553,0.025003871017116423,0.021727334147924115,90,0.10104052904645847,20,2024-25
rim_rate,0.6297937051131131,-0.30820920563432985,-0.049310720138962136,90,-0.010353902497883007,20,2024-25
lead_changes,-0.09578680010816754,-0.35472675014074295,-0.05757442212622287,90,-0.04492164250192472,20,2024-25
opp_fg3_pct,-0.08226650102458091,-0.35616192566754595,-0.10607553695011121,90,-0.33830433664370213,20,2024-25
oreb_per100,0.5953815285689339,-0.36499806209992447,-0.11444521442612238,90,-0.042394310432240144,20,2024-25
fta_rate,0.22727138158317356,-0.24150616626092472,-0.12875515513920324,90,0.061257099302523765,20,2024-25
lineups_per100,0.7252144129211207,-0.16120219446993256,-0.33241645278794224,90,-0.3843165044393081,20,2024-25
largest_run_against,0.2726838337236447,-0.27324291306841564,-0.37791409826362266,90,-0.5157035861465584,20,2024-25
tov_rate,0.6304036434377979,0.03157041279219524,-0.41402109937336895,90,-0.5485180412310805,20,2024-25
def_rtg,0.48585236980648305,0.007022696962094683,-0.453371462755713,90,-0.742476498575621,20,2024-25
def_rtg_nogarbage,0.4727066588511592,-0.04333469096355051,-0.4699290661353919,90,-0.7559019296131777,20,2024-25
